,round,gf,ga,xg,xga,poss,formation,sh,sot,dist,fk,pk,pkatt,venue_code,opp_code,hour,day_code,home_code,target_home,target_away,target_draw
0,0,2.0,0.0,1.0,1.2,44.0,15,10.0,2.0,14.6,1.0,0.0,0.0,0,6,20,4,0,1,0,0
1,11,4.0,2.0,2.7,0.5,50.0,15,19.0,7.0,13.0,0.0,0.0,0.0,1,10,15,5,0,1,0,0
2,22,3.0,0.0,1.3,0.3,57.0,15,14.0,6.0,14.8,0.0,0.0,0.0,0,2,17,5,0,1,0,0
3,32,2.0,1.0,2.6,0.8,71.0,15,22.0,8.0,15.5,1.0,0.0,0.0,1,8,17,5,0,1,0,0
4,33,2.0,1.0,2.4,0.4,59.0,15,22.0,8.0,16.3,1.0,0.0,0.0,1,1,19,2,0,1,0,0
5,34,1.0,3.0,1.3,1.5,60.0,15,16.0,3.0,18.6,1.0,0.0,0.0,0,13,16,6,0,0,1,0
6,36,3.0,0.0,1.5,0.5,63.0,15,13.0,7.0,18.2,0.0,0.0,0.0,0,3,12,6,0,1,0,0
7,37,3.0,1.0,2.4,1.6,64.0,15,22.0,9.0,18.6,1.0,0.0,0.0,1,17,12,5,0,1,0,0
8,1,3.0,2.0,2.7,1.1,43.0,15,10.0,6.0,14.3,0.0,1.0,1.0,1,11,16,6,0,1,0,0
9,2,1.0,0.0,0.5,1.8,53.0,15,9.0,4.0,16.6,1.0,0.0,0.0,0,9,14,6,0,1,0,0
10,4,1.0,1.0,1.0,0.7,59.0,15,12.0,3.0,17.2,0.0,0.0,0.0,0,16,14,6,0,0,0,1
11,5,5.0,0.0,2.3,0.4,69.0,15,24.0,9.0,16.0,1.0,0.0,0.0,1,15,14,6,0,1,0,0
12,6,1.0,0.0,2.1,0.3,55.0,15,14.0,2.0,14.5,0.0,0.0,0.0,0,5,12,6,0,1,0,0
13,7,2.0,0.0,2.1,0.7,62.0,15,14.0,3.0,13.7,0.0,0.0,0.0,0,19,19,5,0,1,0,0
14,8,3.0,1.0,2.1,1.0,66.0,15,16.0,5.0,18.2,1.0,0.0,0.0,1,18,20,0,0,1,0,0
15,9,4.0,2.0,2.9,1.2,32.0,15,14.0,7.0,11.2,0.0,0.0,0.0,0,4,17,5,0,1,0,0
16,10,0.0,0.0,1.1,1.0,66.0,15,17.0,4.0,17.0,0.0,0.0,0.0,1,14,19,1,0,0,0,1
17,12,2.0,0.0,1.8,1.6,49.0,15,14.0,5.0,17.9,2.0,0.0,0.0,0,17,16,6,0,1,0,0
18,13,3.0,2.0,3.1,0.4,57.0,15,25.0,5.0,14.2,0.0,0.0,0.0,1,13,16,6,0,1,0,0
19,14,0.0,1.0,0.9,1.7,70.0,15,15.0,2.0,17.6,0.0,0.0,0.0,0,7,12,5,0,0,1,0
20,15,1.0,1.0,1.6,2.0,69.0,15,23.0,7.0,19.6,0.0,0.0,0.0,1,3,15,5,0,0,0,1
21,3,1.0,3.0,1.6,1.8,63.0,15,9.0,0.0,19.2,0.0,1.0,1.0,1,12,19,2,0,0,1,0
22,16,4.0,2.0,3.2,0.5,67.0,15,20.0,5.0,15.7,0.0,0.0,0.0,0,1,12,5,0,1,0,0
23,17,1.0,0.0,0.7,0.0,65.0,15,10.0,2.0,19.4,1.0,0.0,0.0,0,10,15,5,0,1,0,0
24,35,4.0,0.0,2.6,1.2,73.0,15,15.0,5.0,12.9,0.0,0.0,0.0,1,7,19,2,0,1,0,0
25,18,3.0,2.0,2.1,1.3,79.0,15,31.0,9.0,18.1,2.0,0.0,0.0,1,2,15,5,0,1,0,0
26,19,3.0,0.0,2.3,0.8,55.0,15,15.0,7.0,15.2,1.0,0.0,0.0,0,8,14,6,0,1,0,0
27,20,4.0,1.0,1.6,0.8,62.0,15,15.0,5.0,16.4,0.0,0.0,0.0,1,6,14,6,0,1,0,0
28,21,4.0,1.0,3.8,0.7,66.0,15,12.0,4.0,13.9,0.0,1.0,1.0,1,9,15,5,0,1,0,0
29,23,2.0,2.0,1.4,3.9,41.0,15,9.0,5.0,15.7,0.0,0.0,0.0,0,11,16,6,0,0,0,1
30,24,2.0,2.0,2.7,1.8,70.0,15,10.0,5.0,13.9,0.0,0.0,1.0,0,18,14,6,0,0,0,1
31,0,0.0,2.0,0.7,0.6,65.0,15,15.0,2.0,24.6,0.0,0.0,0.0,0,2,15,5,1,0,1,0
32,11,2.0,1.0,2.3,1.6,57.0,8,12.0,3.0,13.3,0.0,0.0,0.0,1,7,12,5,1,1,0,0
33,22,1.0,3.0,0.9,2.6,49.0,15,13.0,5.0,17.8,0.0,0.0,0.0,0,6,15,5,1,0,1,0
34,32,0.0,1.0,0.5,0.6,58.0,13,9.0,3.0,20.5,0.0,0.0,0.0,1,18,14,6,1,0,1,0
35,33,1.0,2.0,0.4,2.4,41.0,15,4.0,3.0,19.2,0.0,0.0,0.0,0,0,19,2,1,0,1,0
36,34,1.0,1.0,0.3,2.1,29.0,14,3.0,1.0,16.8,0.0,0.0,0.0,1,12,17,5,1,0,0,1
37,36,1.0,0.0,1.5,0.3,53.0,14,11.0,3.0,20.7,1.0,0.0,0.0,1,16,20,4,1,1,0,0
38,37,0.0,0.0,2.2,0.4,56.0,15,19.0,6.0,17.8,0.0,0.0,0.0,0,9,16,6,1,0,0,1
39,1,1.0,1.0,0.7,0.3,60.0,15,12.0,2.0,20.2,3.0,0.0,0.0,0,15,20,0,1,0,0,1
40,2,0.0,2.0,1.8,0.9,42.0,15,18.0,7.0,15.3,1.0,0.0,0.0,1,5,14,6,1,0,1,0
41,3,0.0,3.0,1.2,2.1,40.0,14,12.0,6.0,15.0,0.0,0.0,0.0,0,8,19,3,1,0,1,0
42,4,4.0,0.0,2.8,0.9,45.0,12,18.0,10.0,18.7,0.0,1.0,1.0,1,3,14,6,1,1,0,0
43,5,0.0,4.0,0.4,3.4,41.0,12,3.0,0.0,13.9,0.0,0.0,0.0,0,14,15,5,1,0,1,0
44,6,3.0,1.0,0.6,0.5,42.0,11,6.0,4.0,22.7,1.0,0.0,0.0,1,13,14,6,1,1,0,0
45,7,2.0,1.0,1.5,0.6,35.0,17,7.0,1.0,25.1,0.0,1.0,1.0,0,4,14,6,1,1,0,0
46,8,1.0,3.0,1.4,2.7,48.0,17,12.0,6.0,15.3,0.0,0.0,0.0,1,11,17,0,1,0,1,0
47,9,2.0,0.0,1.0,0.7,41.0,17,13.0,4.0,20.8,1.0,0.0,0.0,0,17,14,6,1,1,0,0
48,10,1.0,1.0,1.8,0.9,56.0,17,13.0,3.0,19.2,1.0,0.0,0.0,1,19,20,2,1,0,0,1
49,12,2.0,1.0,1.2,2.4,52.0,17,11.0,5.0,16.9,0.0,0.0,0.0,1,9,20,4,1,1,0,0
50,13,1.0,0.0,1.4,0.6,63.0,17,16.0,5.0,17.0,1.0,0.0,0.0,0,16,15,5,1,1,0,0
51,14,2.0,4.0,1.7,2.6,62.0,17,19.0,4.0,17.5,0.0,0.0,0.0,1,10,15,5,1,0,1,0
52,15,1.0,3.0,0.3,3.3,33.0,17,6.0,2.0,22.8,0.0,0.0,0.0,0,12,16,6,1,0,1,0
53,16,2.0,4.0,0.5,3.2,33.0,17,7.0,5.0,23.3,1.0,0.0,0.0,1,0,12,5,1,0,1,0
54,17,2.0,0.0,1.9,1.6,53.0,17,8.0,4.0,22.1,1.0,1.0,1.0,0,7,15,5,1,1,0,0
55,18,1.0,0.0,1.2,0.2,58.0,12,8.0,1.0,14.8,0.0,0.0,0.0,1,6,15,5,1,1,0,0
56,19,1.0,1.0,1.5,2.1,59.0,12,12.0,4.0,13.3,0.0,0.0,0.0,0,18,14,6,1,0,0,1
57,20,3.0,0.0,3.5,1.3,56.0,12,20.0,9.0,13.9,0.0,0.0,0.0,1,2,15,5,1,1,0,0
58,21,2.0,0.0,0.9,2.1,31.0,17,5.0,2.0,22.5,0.0,0.0,0.0,0,5,17,5,1,1,0,0
59,35,2.0,1.0,1.0,0.5,64.0,17,15.0,5.0,20.3,1.0,0.0,0.0,0,10,19,1,1,1,0,0
60,23,2.0,0.0,1.3,0.2,63.0,17,8.0,3.0,12.4,0.0,0.0,0.0,1,15,15,5,1,1,0,0
61,24,3.0,0.0,1.9,0.5,52.0,12,16.0,6.0,18.3,0.0,0.0,0.0,1,14,12,5,1,1,0,0
62,0,2.0,0.0,0.6,0.7,35.0,4,7.0,3.0,15.7,0.0,0.0,0.0,1,1,15,5,2,1,0,0
63,11,0.0,4.0,0.1,1.7,33.0,4,3.0,1.0,20.6,0.0,0.0,0.0,0,12,15,5,2,0,1,0
64,22,0.0,3.0,0.3,1.3,43.0,0,6.0,1.0,18.5,1.0,0.0,0.0,1,0,17,5,2,0,1,0
65,32,0.0,9.0,0.3,3.3,31.0,12,5.0,2.0,18.2,0.0,0.0,0.0,0,11,15,5,2,0,1,0
66,33,0.0,0.0,0.4,1.5,35.0,17,5.0,2.0,16.1,0.0,0.0,0.0,1,19,19,2,2,0,0,1
67,34,3.0,2.0,0.8,1.9,48.0,12,8.0,3.0,17.5,0.0,0.0,0.0,0,15,15,5,2,1,0,0
68,36,1.0,1.0,0.7,1.9,28.0,12,10.0,3.0,18.1,0.0,0.0,0.0,0,14,15,5,2,0,0,1
69,37,0.0,0.0,0.4,0.9,42.0,17,7.0,0.0,15.5,1.0,0.0,0.0,1,3,15,5,2,0,0,1
70,1,2.0,1.0,1.1,1.0,45.0,17,10.0,4.0,15.0,1.0,0.0,0.0,1,10,15,5,2,1,0,0
71,2,2.0,2.0,1.0,2.1,31.0,12,10.0,6.0,13.0,0.0,0.0,0.0,0,8,15,5,2,0,0,1
72,3,0.0,1.0,1.0,1.0,54.0,4,15.0,3.0,17.6,1.0,0.0,0.0,1,16,19,2,2,0,1,0
73,4,0.0,2.0,0.4,1.9,45.0,12,5.0,3.0,13.6,0.0,0.0,0.0,0,18,20,0,2,0,1,0
74,5,2.0,3.0,0.5,2.0,31.0,6,6.0,4.0,14.0,0.0,0.0,0.0,1,17,15,5,2,0,1,0
75,6,3.0,4.0,1.5,2.2,40.0,17,9.0,5.0,12.4,0.0,0.0,0.0,0,9,15,5,2,0,1,0
76,7,3.0,0.0,2.4,0.8,36.0,17,16.0,8.0,13.6,0.0,0.0,0.0,1,7,15,5,2,1,0,0
77,8,0.0,2.0,0.5,1.8,40.0,19,9.0,4.0,21.0,2.0,0.0,0.0,0,5,17,1,2,0,1,0
78,9,0.0,2.0,0.6,1.6,59.0,17,6.0,2.0,14.8,0.0,0.0,0.0,1,6,15,5,2,0,1,0
79,10,0.0,3.0,0.6,2.2,42.0,17,7.0,4.0,15.7,1.0,0.0,0.0,0,13,20,1,2,0,1,0
80,12,0.0,2.0,0.6,1.4,50.0,16,7.0,2.0,18.1,0.0,0.0,0.0,0,3,17,5,2,0,1,0
81,13,1.0,1.0,1.4,1.9,43.0,17,16.0,3.0,15.4,2.0,0.0,0.0,1,15,15,5,2,0,0,1
82,14,0.0,1.0,1.1,2.2,29.0,16,12.0,2.0,15.3,0.0,0.0,0.0,0,4,15,5,2,0,1,0
83,15,1.0,1.0,1.5,1.3,34.0,16,11.0,4.0,16.5,1.0,0.0,0.0,1,14,17,5,2,0,0,1
84,16,1.0,0.0,1.1,1.3,32.0,12,5.0,1.0,14.0,0.0,0.0,0.0,0,19,15,5,2,1,0,0
85,17,1.0,4.0,1.0,2.4,35.0,20,13.0,2.0,14.2,0.0,0.0,0.0,1,12,17,5,2,0,1,0
86,18,2.0,3.0,1.3,2.1,21.0,20,4.0,4.0,8.1,0.0,0.0,0.0,0,0,15,5,2,0,1,0
87,19,1.0,0.0,0.9,1.7,31.0,16,5.0,2.0,12.3,0.0,0.0,0.0,1,11,12,5,2,1,0,0
88,20,0.0,3.0,1.3,3.5,44.0,16,10.0,3.0,12.6,1.0,0.0,0.0,0,1,15,5,2,0,1,0
89,21,2.0,1.0,2.6,0.8,43.0,16,12.0,6.0,12.5,0.0,0.0,0.0,1,8,15,5,2,1,0,0
90,35,0.0,2.0,1.7,2.7,37.0,16,14.0,3.0,15.8,0.0,0.0,0.0,1,4,19,1,2,0,1,0
91,23,1.0,0.0,2.0,0.7,49.0,12,19.0,7.0,14.7,1.0,0.0,0.0,0,10,15,5,2,1,0,0
92,24,3.0,2.0,1.3,2.2,42.0,4,9.0,6.0,17.9,0.0,0.0,0.0,0,17,15,5,2,1,0,0
93,0,2.0,2.0,0.8,0.6,44.0,15,8.0,3.0,17.0,0.0,0.0,0.0,0,10,14,6,3,0,0,1
94,11,4.0,0.0,1.6,0.9,34.0,19,13.0,7.0,18.6,1.0,0.0,0.0,1,13,17,5,3,1,0,0
95,22,2.0,3.0,1.8,2.4,57.0,15,13.0,5.0,14.1,0.0,0.0,0.0,0,8,15,5,3,0,1,0
96,32,1.0,1.0,2.1,1.1,58.0,15,20.0,5.0,14.8,0.0,0.0,0.0,1,7,15,5,3,0,0,1
97,33,1.0,1.0,1.4,1.0,51.0,15,9.0,3.0,10.7,0.0,0.0,0.0,0,6,19,1,3,0,0,1
98,34,5.0,2.0,2.3,1.7,32.0,15,13.0,7.0,18.8,2.0,1.0,1.0,1,9,15,5,3,1,0,0
99,36,0.0,3.0,0.5,1.5,37.0,7,5.0,2.0,13.9,1.0,0.0,0.0,1,0,12,6,3,0,1,0
100,37,0.0,0.0,0.9,0.4,58.0,15,13.0,4.0,15.2,1.0,0.0,0.0,0,2,15,5,3,0,0,1
101,1,1.0,5.0,1.2,1.5,46.0,7,5.0,2.0,18.2,0.0,1.0,1.0,0,14,15,5,3,0,1,0
102,2,2.0,0.0,1.5,1.9,28.0,15,6.0,1.0,16.3,0.0,1.0,1.0,1,4,20,4,3,1,0,0
103,3,0.0,0.0,1.3,0.9,34.0,7,8.0,5.0,14.5,0.0,0.0,0.0,1,5,19,2,3,0,0,1
104,4,0.0,4.0,0.9,2.8,55.0,7,12.0,3.0,16.8,0.0,0.0,0.0,0,1,14,6,3,0,1,0
105,5,1.0,1.0,1.4,0.6,58.0,15,12.0,3.0,15.4,0.0,0.0,0.0,1,19,15,5,3,0,0,1
106,6,2.0,2.0,1.5,1.5,52.0,15,5.0,1.0,20.3,0.0,1.0,1.0,0,15,15,5,3,0,0,1
107,7,2.0,1.0,1.3,1.6,26.0,7,10.0,7.0,15.2,0.0,0.0,0.0,0,12,12,5,3,1,0,0
108,8,2.0,2.0,2.0,1.1,39.0,7,9.0,4.0,10.2,0.0,0.0,0.0,1,17,12,0,3,0,0,1
109,9,2.0,0.0,1.6,1.3,37.0,7,9.0,6.0,13.4,1.0,0.0,0.0,0,18,19,4,3,1,0,0
110,10,3.0,1.0,1.7,2.0,28.0,7,10.0,7.0,10.5,0.0,0.0,0.0,1,11,17,0,3,1,0,0
111,12,2.0,0.0,1.4,0.6,50.0,15,11.0,3.0,23.3,0.0,1.0,1.0,1,2,17,5,3,1,0,0
112,13,0.0,0.0,0.4,0.5,42.0,7,6.0,0.0,24.2,1.0,0.0,0.0,0,9,14,6,3,0,0,1
113,14,3.0,0.0,2.2,0.7,49.0,15,14.0,3.0,12.1,0.0,0.0,0.0,1,16,15,5,3,1,0,0
114,15,1.0,1.0,2.0,1.6,31.0,7,9.0,2.0,12.9,0.0,0.0,0.0,0,0,15,5,3,0,0,1
115,16,1.0,1.0,0.9,1.1,59.0,15,12.0,5.0,19.0,0.0,0.0,0.0,1,6,15,5,3,0,0,1
116,18,3.0,2.0,2.2,1.4,37.0,15,13.0,5.0,19.8,2.0,1.0,1.0,1,8,20,0,3,1,0,0
117,19,0.0,1.0,2.0,1.0,67.0,15,12.0,3.0,13.0,1.0,0.0,0.0,0,7,15,5,3,0,1,0
118,35,2.0,0.0,1.9,0.5,34.0,15,11.0,4.0,18.3,0.0,0.0,0.0,0,16,19,2,3,1,0,0
119,20,1.0,1.0,0.6,1.3,53.0,15,11.0,2.0,17.5,0.0,0.0,0.0,1,10,15,5,3,0,0,1
120,21,3.0,3.0,1.6,4.2,28.0,19,7.0,5.0,15.6,1.0,0.0,0.0,0,4,15,5,3,0,0,1
121,17,0.0,1.0,0.7,1.2,36.0,19,6.0,1.0,16.5,0.0,0.0,0.0,0,13,20,2,3,0,1,0
122,23,1.0,2.0,2.6,1.3,42.0,19,10.0,4.0,15.5,0.0,1.0,2.0,1,14,15,5,3,0,1,0
123,24,0.0,2.0,1.1,0.8,50.0,15,10.0,3.0,15.6,0.0,0.0,0.0,0,19,15,5,3,0,1,0
124,0,2.0,1.0,1.5,1.4,38.0,2,15.0,4.0,17.4,0.0,0.0,0.0,0,13,14,6,4,1,0,0
125,11,0.0,0.0,1.5,0.2,54.0,3,13.0,5.0,17.3,0.0,0.0,0.0,1,14,15,5,4,0,0,1
126,22,2.0,0.0,1.7,0.8,50.0,6,10.0,1.0,18.8,0.0,1.0,1.0,0,18,14,6,4,1,0,0
127,32,1.0,0.0,2.0,1.8,44.0,17,13.0,4.0,13.6,0.0,0.0,0.0,1,9,15,5,4,1,0,0
128,33,1.0,2.0,1.4,0.7,61.0,7,6.0,2.0,15.3,0.0,1.0,1.0,0,8,19,1,4,0,1,0
129,34,5.0,2.0,2.6,1.4,53.0,7,22.0,10.0,19.6,2.0,1.0,1.0,1,10,14,6,4,1,0,0
130,37,3.0,3.0,1.4,1.5,46.0,4,6.0,6.0,10.0,0.0,0.0,0.0,0,11,15,5,4,0,0,1
131,1,0.0,1.0,0.7,0.8,59.0,4,14.0,4.0,18.5,0.0,0.0,0.0,1,17,17,5,4,0,1,0
132,2,0.0,2.0,1.9,1.5,72.0,17,21.0,7.0,17.2,0.0,0.0,0.0,0,3,20,4,4,0,1,0
133,3,0.0,0.0,1.7,0.1,70.0,4,19.0,7.0,15.7,0.0,0.0,0.0,1,15,19,1,4,0,0,1
134,4,1.0,3.0,0.5,1.6,52.0,3,8.0,2.0,19.8,0.0,0.0,0.0,0,12,15,5,4,0,1,0
135,5,4.0,1.0,2.4,1.4,41.0,12,19.0,7.0,15.9,0.0,0.0,0.0,1,5,15,5,4,1,0,0
136,6,3.0,2.0,1.5,1.2,71.0,12,19.0,8.0,17.2,3.0,0.0,0.0,0,19,15,5,4,1,0,0
137,7,1.0,2.0,0.6,1.5,65.0,12,7.0,2.0,18.2,0.0,0.0,0.0,1,1,14,6,4,0,1,0
138,8,3.0,1.0,0.6,1.9,66.0,12,7.0,4.0,13.7,0.0,0.0,0.0,0,16,15,0,4,1,0,0
139,9,2.0,4.0,1.2,2.9,68.0,12,9.0,5.0,13.5,0.0,0.0,0.0,1,0,17,5,4,0,1,0
140,10,4.0,1.0,2.2,1.3,51.0,12,19.0,8.0,18.9,1.0,0.0,0.0,0,7,19,1,4,1,0,0
141,12,3.0,0.0,1.9,1.0,61.0,12,16.0,8.0,16.3,0.0,0.0,0.0,1,11,15,5,4,1,0,0
142,13,2.0,2.0,1.7,0.9,63.0,12,13.0,4.0,17.0,0.0,0.0,0.0,0,10,15,5,4,0,0,1
143,14,1.0,0.0,2.2,1.1,71.0,4,20.0,6.0,16.3,0.0,0.0,0.0,1,2,15,5,4,1,0,0
144,15,1.0,1.0,2.5,1.1,73.0,12,17.0,7.0,13.6,1.0,0.0,0.0,0,6,15,5,4,0,0,1
145,16,0.0,1.0,2.2,0.3,65.0,12,21.0,7.0,15.6,1.0,0.0,0.0,1,8,15,5,4,0,1,0
146,18,4.0,0.0,3.5,0.3,65.0,12,19.0,8.0,16.3,0.0,1.0,1.0,1,18,15,5,4,1,0,0
147,19,2.0,2.0,2.7,0.9,62.0,12,15.0,3.0,16.0,0.0,0.0,0.0,0,9,15,5,4,0,0,1
148,36,1.0,0.0,0.6,1.1,57.0,12,11.0,5.0,20.5,1.0,0.0,0.0,1,6,19,2,4,1,0,0
149,21,3.0,3.0,4.2,1.6,72.0,12,32.0,13.0,16.7,1.0,1.0,1.0,1,3,15,5,4,0,0,1
150,35,2.0,0.0,2.7,1.7,63.0,12,16.0,6.0,16.9,0.0,0.0,0.0,0,2,19,1,4,1,0,0
151,23,1.0,2.0,1.4,0.8,65.0,12,17.0,4.0,16.4,0.0,0.0,0.0,0,17,15,5,4,0,1,0
152,24,2.0,1.0,2.9,0.5,57.0,12,26.0,10.0,17.2,0.0,0.0,0.0,0,5,15,5,4,1,0,0
153,0,1.0,0.0,1.5,0.7,62.0,4,14.0,5.0,16.1,1.0,1.0,1.0,0,7,17,5,5,1,0,0
154,11,2.0,2.0,1.6,1.0,63.0,7,16.0,3.0,17.2,0.0,0.0,0.0,1,17,16,6,5,0,0,1
155,22,0.0,3.0,0.9,2.1,61.0,7,14.0,3.0,19.8,0.0,0.0,0.0,0,9,14,6,5,0,1,0
156,32,2.0,1.0,1.8,2.5,45.0,17,7.0,4.0,14.6,0.0,0.0,0.0,1,10,15,5,5,1,0,0
157,33,1.0,2.0,1.1,1.1,67.0,11,10.0,4.0,14.5,0.0,0.0,0.0,0,16,19,1,5,0,1,0
158,34,2.0,1.0,0.9,1.1,67.0,0,8.0,3.0,17.2,0.0,0.0,0.0,1,18,15,5,5,1,0,0
159,37,2.0,1.0,1.1,0.4,64.0,11,13.0,3.0,14.8,0.0,0.0,0.0,0,6,15,5,5,1,0,0
160,1,3.0,0.0,1.9,1.1,57.0,12,20.0,7.0,14.7,0.0,0.0,0.0,1,19,15,5,5,1,0,0
161,2,2.0,0.0,0.9,1.8,58.0,4,8.0,4.0,18.0,1.0,0.0,0.0,0,1,14,6,5,1,0,0
162,3,0.0,0.0,0.9,1.3,66.0,6,14.0,5.0,21.4,0.0,0.0,0.0,0,3,19,2,5,0,0,1
163,4,1.0,1.0,1.1,0.8,48.0,4,5.0,1.0,19.7,0.0,1.0,1.0,1,13,17,5,5,0,0,1
164,5,1.0,4.0,1.4,2.4,59.0,4,15.0,7.0,18.3,0.0,0.0,0.0,0,4,15,5,5,0,1,0
165,6,0.0,1.0,0.3,2.1,45.0,12,5.0,1.0,16.0,0.0,0.0,0.0,1,0,12,6,5,0,1,0
166,7,0.0,1.0,0.3,1.0,51.0,4,5.0,2.0,14.0,0.0,0.0,0.0,0,14,17,5,5,0,1,0
167,8,2.0,0.0,1.8,0.5,60.0,15,15.0,5.0,15.7,0.0,0.0,0.0,1,2,17,1,5,1,0,0
168,9,1.0,1.0,0.9,1.4,71.0,15,7.0,2.0,11.6,0.0,0.0,0.0,0,15,16,6,5,0,0,1
169,10,0.0,1.0,0.4,2.1,48.0,12,8.0,2.0,17.2,0.0,0.0,0.0,1,12,20,3,5,0,1,0
170,35,1.0,2.0,2.1,1.0,52.0,7,20.0,10.0,16.6,1.0,0.0,0.0,0,8,20,3,5,0,1,0
171,12,1.0,0.0,1.5,0.7,61.0,12,15.0,5.0,14.8,0.0,0.0,0.0,1,6,14,6,5,1,0,0
172,13,0.0,0.0,1.6,1.4,52.0,4,11.0,2.0,13.8,0.0,0.0,0.0,0,11,12,5,5,0,0,1
173,14,0.0,0.0,1.3,0.6,66.0,15,12.0,2.0,17.0,0.0,0.0,0.0,1,8,20,4,5,0,0,1
174,15,1.0,1.0,1.1,1.3,71.0,12,12.0,4.0,18.0,2.0,0.0,0.0,0,18,12,5,5,0,0,1
175,16,0.0,1.0,1.6,0.6,62.0,12,17.0,4.0,17.0,1.0,0.0,0.0,1,16,15,5,5,0,1,0
176,17,0.0,2.0,0.4,0.8,59.0,12,10.0,2.0,23.8,0.0,0.0,0.0,0,17,13,6,5,0,1,0
177,18,1.0,0.0,1.5,1.0,57.0,4,13.0,3.0,15.8,1.0,0.0,0.0,1,9,15,5,5,1,0,0
178,19,3.0,1.0,1.6,2.4,52.0,4,12.0,6.0,15.1,0.0,0.0,0.0,0,10,15,5,5,1,0,0
179,20,2.0,2.0,2.3,1.2,68.0,4,19.0,6.0,17.1,0.0,1.0,1.0,1,7,17,5,5,0,0,1
180,21,0.0,2.0,2.1,0.9,69.0,4,27.0,7.0,16.3,0.0,0.0,0.0,1,1,17,5,5,0,1,0
181,36,0.0,0.0,2.2,0.3,49.0,7,12.0,2.0,16.1,0.0,0.0,0.0,1,11,20,1,5,0,0,1
182,23,0.0,1.0,1.1,0.6,62.0,15,13.0,1.0,16.7,0.0,0.0,0.0,0,19,15,5,5,0,1,0
183,24,1.0,2.0,0.5,2.9,43.0,12,8.0,2.0,18.9,0.0,0.0,0.0,1,4,15,5,5,0,1,0
184,0,0.0,2.0,1.2,1.0,56.0,12,10.0,2.0,14.2,0.0,0.0,0.0,1,0,20,4,6,0,1,0
185,11,1.0,1.0,1.0,2.0,28.0,20,7.0,3.0,14.7,0.0,0.0,0.0,0,11,20,0,6,0,0,1
186,22,3.0,1.0,2.6,0.9,51.0,15,16.0,8.0,15.6,1.0,0.0,1.0,1,1,15,5,6,1,0,0
187,32,2.0,4.0,0.1,2.2,26.0,20,2.0,2.0,20.6,0.0,0.0,0.0,0,12,15,5,6,0,1,0
188,33,1.0,1.0,1.0,1.4,49.0,10,13.0,4.0,19.2,0.0,0.0,0.0,1,3,19,1,6,0,0,1
189,34,0.0,0.0,1.0,2.8,48.0,15,19.0,9.0,20.0,0.0,0.0,0.0,0,14,15,5,6,0,0,1
190,37,1.0,2.0,0.4,1.1,36.0,15,7.0,3.0,20.1,0.0,0.0,0.0,1,5,15,5,6,0,1,0
191,1,2.0,1.0,1.1,1.0,54.0,15,13.0,5.0,17.7,2.0,0.0,0.0,1,9,14,6,6,1,0,0
192,2,0.0,0.0,0.4,1.0,46.0,15,8.0,1.0,21.2,0.0,0.0,0.0,0,10,12,5,6,0,0,1
193,3,2.0,1.0,1.2,0.8,51.0,15,14.0,4.0,17.3,1.0,0.0,0.0,1,19,20,1,6,1,0,0
194,4,0.0,3.0,0.9,1.4,54.0,10,9.0,2.0,17.1,2.0,0.0,0.0,0,7,15,5,6,0,1,0
195,5,1.0,0.0,0.9,1.3,44.0,15,12.0,3.0,20.0,1.0,0.0,0.0,1,16,15,5,6,1,0,0
196,6,2.0,1.0,1.0,0.3,58.0,15,15.0,6.0,20.5,2.0,0.0,0.0,0,18,14,6,6,1,0,0
197,7,0.0,1.0,1.2,1.1,68.0,15,7.0,0.0,16.9,0.0,0.0,1.0,0,15,15,5,6,0,1,0
198,8,0.0,3.0,0.4,2.5,36.0,15,4.0,0.0,13.0,0.0,0.0,0.0,1,8,15,0,6,0,1,0
199,9,2.0,0.0,1.6,0.6,41.0,12,15.0,6.0,18.9,1.0,0.0,0.0,0,2,15,5,6,1,0,0
200,10,0.0,4.0,0.8,1.4,47.0,12,19.0,4.0,20.1,0.0,0.0,0.0,1,17,20,2,6,0,1,0
201,12,0.0,1.0,0.7,1.5,39.0,12,10.0,5.0,17.9,0.0,0.0,0.0,0,5,14,6,6,0,1,0
202,35,1.0,1.0,0.5,2.1,40.0,12,10.0,5.0,18.2,2.0,0.0,0.0,1,13,20,2,6,0,0,1
203,13,0.0,0.0,0.3,1.2,40.0,12,6.0,1.0,19.9,0.0,0.0,0.0,1,14,17,5,6,0,0,1
204,14,1.0,2.0,1.3,2.0,48.0,12,10.0,3.0,12.8,0.0,0.0,0.0,0,13,15,5,6,0,1,0
205,15,1.0,1.0,1.1,2.5,27.0,17,6.0,1.0,12.4,0.0,0.0,0.0,1,4,15,5,6,0,0,1
206,16,1.0,1.0,1.1,0.9,41.0,12,10.0,4.0,14.4,0.0,0.0,0.0,0,3,15,5,6,0,0,1
207,17,0.0,0.0,0.7,0.9,37.0,12,6.0,0.0,15.0,0.0,0.0,0.0,1,11,19,5,6,0,0,1
208,18,0.0,1.0,0.2,1.2,42.0,12,3.0,0.0,16.9,0.0,0.0,0.0,0,1,15,5,6,0,1,0
209,19,0.0,1.0,0.2,2.1,33.0,15,4.0,0.0,17.5,0.0,0.0,0.0,1,12,17,5,6,0,1,0
210,36,0.0,1.0,1.1,0.6,43.0,15,11.0,3.0,17.3,1.0,0.0,0.0,0,4,19,2,6,0,1,0
211,20,1.0,4.0,0.8,1.6,38.0,12,9.0,5.0,14.6,1.0,0.0,0.0,0,0,14,6,6,0,1,0
212,21,2.0,1.0,2.3,0.2,52.0,15,31.0,9.0,19.0,2.0,0.0,0.0,1,10,15,5,6,1,0,0
213,23,5.0,1.0,3.0,0.9,52.0,15,16.0,7.0,12.3,1.0,0.0,0.0,0,9,14,6,6,1,0,0
214,24,2.0,0.0,0.9,0.8,42.0,15,10.0,2.0,23.7,2.0,0.0,0.0,0,16,15,5,6,1,0,0
215,0,0.0,1.0,0.7,1.5,38.0,20,8.0,3.0,13.5,0.0,0.0,0.0,1,5,17,5,7,0,1,0
216,11,1.0,2.0,1.6,2.3,43.0,4,15.0,4.0,14.8,0.0,0.0,0.0,0,1,12,5,7,0,1,0
217,22,1.0,1.0,1.5,1.0,49.0,4,19.0,8.0,20.8,1.0,0.0,0.0,1,15,15,5,7,0,0,1
218,32,1.0,1.0,1.1,2.1,42.0,4,14.0,7.0,16.7,0.0,0.0,0.0,0,3,15,5,7,0,0,1
219,33,1.0,1.0,1.0,1.0,31.0,15,7.0,2.0,19.1,1.0,0.0,0.0,0,9,20,1,7,0,0,1
220,34,0.0,0.0,1.7,2.1,39.0,15,14.0,3.0,15.5,0.0,0.0,0.0,1,11,12,5,7,0,0,1
221,36,1.0,0.0,0.4,1.0,53.0,15,7.0,2.0,21.4,0.0,0.0,0.0,1,18,14,6,7,1,0,0
222,37,2.0,1.0,2.0,1.7,45.0,15,12.0,5.0,17.4,1.0,0.0,0.0,0,16,15,5,7,1,0,0
223,1,1.0,2.0,0.6,1.4,40.0,15,11.0,2.0,17.4,0.0,0.0,0.0,1,13,19,6,7,0,1,0
224,2,0.0,2.0,0.4,2.2,38.0,19,4.0,0.0,13.5,0.0,0.0,0.0,0,17,17,5,7,0,1,0
225,3,0.0,1.0,0.2,1.5,51.0,15,1.0,0.0,7.5,0.0,0.0,0.0,0,14,19,2,7,0,1,0
226,4,3.0,0.0,1.4,0.9,46.0,12,9.0,6.0,16.8,0.0,0.0,0.0,1,6,15,5,7,1,0,0
227,5,0.0,0.0,0.9,1.9,44.0,12,9.0,4.0,12.2,0.0,0.0,0.0,0,8,17,5,7,0,0,1
228,6,0.0,2.0,1.2,2.3,49.0,15,12.0,2.0,12.9,0.0,0.0,0.0,1,10,17,5,7,0,1,0
229,7,0.0,3.0,0.8,2.4,64.0,15,15.0,3.0,18.0,0.0,0.0,0.0,0,2,15,5,7,0,1,0
230,8,1.0,2.0,1.7,0.8,58.0,15,12.0,5.0,19.2,2.0,0.0,0.0,1,19,15,0,7,0,1,0
231,9,1.0,1.0,0.1,1.7,26.0,19,2.0,1.0,25.1,0.0,0.0,0.0,0,12,15,5,7,0,0,1
232,10,1.0,4.0,1.3,2.2,49.0,15,9.0,3.0,19.0,0.0,1.0,1.0,1,4,19,1,7,0,1,0
233,12,1.0,2.0,1.4,1.2,52.0,4,12.0,4.0,16.0,0.0,0.0,0.0,1,16,15,5,7,0,1,0
234,13,0.0,2.0,0.5,2.2,67.0,4,5.0,2.0,14.7,0.0,0.0,0.0,0,18,15,5,7,0,1,0
235,14,1.0,0.0,1.7,0.9,30.0,18,12.0,4.0,16.4,0.0,0.0,0.0,1,0,12,5,7,1,0,0
236,15,0.0,2.0,0.4,2.3,41.0,18,6.0,1.0,15.3,0.0,0.0,0.0,0,11,20,0,7,0,1,0
237,16,1.0,0.0,1.4,0.5,51.0,18,15.0,4.0,15.7,0.0,0.0,0.0,1,9,15,5,7,1,0,0
238,17,0.0,2.0,1.6,1.9,47.0,10,15.0,4.0,12.6,2.0,0.0,0.0,1,1,15,5,7,0,1,0
239,35,0.0,4.0,1.2,2.6,27.0,18,8.0,5.0,14.9,0.0,0.0,0.0,0,0,19,2,7,0,1,0
240,18,2.0,2.0,1.7,0.8,43.0,18,9.0,2.0,17.0,0.0,1.0,1.0,0,15,14,6,7,0,0,1
241,19,1.0,0.0,1.0,2.0,33.0,18,13.0,6.0,17.0,1.0,0.0,0.0,1,3,15,5,7,1,0,0
242,20,2.0,2.0,1.2,2.3,32.0,18,12.0,3.0,18.9,1.0,0.0,0.0,0,5,17,5,7,0,0,1
243,21,1.0,1.0,0.9,1.4,39.0,10,15.0,6.0,19.3,0.0,0.0,0.0,1,17,20,0,7,0,0,1
244,23,0.0,2.0,1.0,3.4,37.0,17,15.0,1.0,18.0,0.0,0.0,0.0,0,13,12,5,7,0,1,0
245,24,1.0,3.0,1.4,1.8,46.0,17,15.0,7.0,17.1,0.0,0.0,0.0,1,8,15,5,7,0,1,0
246,0,2.0,2.0,1.2,1.2,33.0,12,8.0,2.0,18.4,0.0,1.0,1.0,1,11,12,5,8,0,0,1
247,11,0.0,0.0,1.5,0.9,41.0,12,8.0,2.0,15.7,0.0,0.0,1.0,0,19,15,5,8,0,0,1
248,22,3.0,2.0,2.4,1.8,43.0,12,18.0,9.0,15.5,1.0,0.0,0.0,1,3,15,5,8,1,0,0
249,32,1.0,2.0,0.8,2.6,29.0,12,11.0,3.0,13.7,0.0,0.0,0.0,0,0,17,5,8,0,1,0
250,33,2.0,1.0,0.7,1.4,39.0,12,10.0,3.0,15.3,1.0,0.0,0.0,1,4,19,1,8,1,0,0
251,34,1.0,2.0,0.7,2.9,48.0,12,9.0,3.0,17.1,0.0,0.0,0.0,0,17,15,5,8,0,1,0
252,36,3.0,2.0,0.9,1.4,59.0,12,15.0,7.0,17.3,2.0,0.0,0.0,0,15,20,4,8,1,0,0
253,37,1.0,4.0,0.5,3.3,33.0,12,3.0,1.0,16.2,0.0,0.0,0.0,1,14,15,5,8,0,1,0
254,1,1.0,3.0,0.7,2.4,50.0,12,8.0,2.0,16.6,1.0,0.0,0.0,0,18,14,6,8,0,1,0
255,2,2.0,2.0,2.1,1.0,69.0,12,18.0,3.0,18.9,0.0,1.0,1.0,1,2,15,5,8,0,0,1
256,3,3.0,0.0,2.1,1.2,60.0,12,17.0,6.0,16.7,1.0,1.0,1.0,1,1,19,3,8,1,0,0
257,4,3.0,2.0,1.8,1.6,43.0,12,11.0,4.0,11.9,0.0,0.0,0.0,0,9,14,6,8,1,0,0
258,5,0.0,0.0,1.9,0.9,56.0,12,24.0,6.0,16.4,0.0,0.0,0.0,1,7,17,5,8,0,0,1
259,6,1.0,2.0,1.0,2.1,30.0,12,3.0,1.0,26.2,0.0,1.0,1.0,0,12,15,5,8,0,1,0
260,7,1.0,2.0,1.4,2.5,53.0,12,14.0,7.0,14.0,0.0,0.0,0.0,1,13,16,6,8,0,1,0
261,8,3.0,0.0,2.5,0.4,64.0,12,23.0,10.0,13.4,1.0,0.0,0.0,0,6,15,0,8,1,0,0
262,9,2.0,1.0,1.5,0.8,62.0,12,7.0,1.0,18.8,0.0,0.0,1.0,1,16,15,5,8,1,0,0
263,10,1.0,0.0,1.7,1.7,39.0,12,11.0,2.0,19.4,0.0,0.0,0.0,0,10,19,1,8,1,0,0
264,35,2.0,1.0,1.0,2.1,48.0,12,8.0,3.0,15.3,0.0,0.0,0.0,1,5,20,3,8,1,0,0
265,12,0.0,1.0,1.1,2.2,38.0,12,4.0,0.0,18.9,0.0,0.0,1.0,0,14,14,6,8,0,1,0
266,13,0.0,1.0,1.0,0.9,54.0,12,10.0,5.0,17.3,1.0,0.0,0.0,1,17,20,0,8,0,1,0
267,14,0.0,0.0,0.6,1.3,34.0,12,10.0,4.0,23.0,0.0,0.0,0.0,0,5,20,4,8,0,0,1
268,15,2.0,0.0,1.5,0.7,50.0,12,16.0,3.0,15.0,1.0,0.0,0.0,1,15,15,5,8,1,0,0
269,16,1.0,0.0,0.3,2.2,35.0,12,5.0,2.0,16.0,0.0,0.0,0.0,0,4,15,5,8,1,0,0
270,17,1.0,1.0,0.5,0.8,51.0,12,10.0,5.0,24.2,1.0,0.0,0.0,1,19,20,4,8,0,0,1
271,18,2.0,3.0,1.4,2.2,63.0,12,9.0,5.0,17.4,1.0,0.0,0.0,0,3,20,0,8,0,1,0
272,19,0.0,3.0,0.8,2.3,45.0,12,12.0,2.0,17.4,0.0,0.0,0.0,1,0,14,6,8,0,1,0
273,21,1.0,2.0,0.8,2.6,57.0,12,10.0,2.0,16.5,0.0,0.0,0.0,0,2,15,5,8,0,1,0
274,23,0.0,1.0,0.7,1.1,76.0,12,16.0,3.0,20.5,0.0,0.0,0.0,1,18,15,5,8,0,1,0
275,24,3.0,1.0,1.8,1.4,54.0,12,21.0,7.0,17.9,0.0,0.0,0.0,0,7,15,5,8,1,0,0
276,0,2.0,1.0,0.8,1.3,40.0,12,12.0,4.0,18.6,1.0,0.0,0.0,1,19,15,5,9,1,0,0
277,11,2.0,2.0,1.8,1.2,57.0,12,13.0,5.0,12.0,0.0,0.0,0.0,0,16,15,5,9,0,0,1
278,22,3.0,0.0,2.1,0.9,39.0,12,12.0,6.0,16.3,0.0,0.0,0.0,1,5,14,6,9,1,0,0
279,32,0.0,1.0,1.8,2.0,56.0,12,10.0,2.0,18.0,1.0,0.0,0.0,0,4,15,5,9,0,1,0
280,33,1.0,1.0,1.0,1.0,69.0,12,14.0,5.0,16.9,0.0,0.0,0.0,1,7,20,1,9,0,0,1
281,34,2.0,5.0,1.7,2.3,68.0,12,17.0,6.0,21.9,1.0,0.0,0.0,0,3,15,5,9,0,1,0
282,37,0.0,0.0,0.4,2.2,44.0,12,6.0,1.0,16.8,0.0,0.0,0.0,1,1,16,6,9,0,0,1
283,1,1.0,2.0,1.0,1.1,46.0,12,10.0,4.0,18.1,0.0,0.0,0.0,0,6,14,6,9,0,1,0
284,2,0.0,1.0,1.8,0.5,47.0,12,15.0,4.0,18.1,0.0,0.0,1.0,1,0,14,6,9,0,1,0
285,3,0.0,2.0,1.3,0.8,54.0,12,14.0,2.0,18.3,0.0,0.0,0.0,0,10,20,3,9,0,1,0
286,4,2.0,3.0,1.6,1.8,57.0,12,14.0,5.0,16.3,0.0,0.0,0.0,1,8,14,6,9,0,1,0
287,5,2.0,1.0,1.8,1.7,32.0,12,14.0,6.0,19.4,3.0,0.0,0.0,0,11,19,5,9,1,0,0
288,6,4.0,3.0,2.2,1.5,60.0,12,17.0,3.0,15.9,0.0,1.0,1.0,1,2,15,5,9,1,0,0
289,7,3.0,4.0,1.1,1.8,45.0,12,12.0,5.0,16.2,2.0,0.0,0.0,0,17,15,5,9,0,1,0
290,8,1.0,3.0,0.6,4.3,31.0,15,9.0,1.0,19.3,2.0,0.0,0.0,1,12,20,2,9,0,1,0
291,9,0.0,0.0,0.4,2.2,40.0,12,8.0,1.0,17.9,1.0,0.0,0.0,0,14,15,5,9,0,0,1
292,10,2.0,2.0,1.6,1.4,62.0,12,14.0,5.0,14.0,0.0,0.0,0.0,1,18,19,2,9,0,0,1
293,12,1.0,2.0,2.4,1.2,48.0,12,16.0,3.0,12.7,0.0,0.0,0.0,0,1,20,4,9,0,1,0
294,13,0.0,0.0,0.5,0.4,58.0,12,9.0,5.0,23.2,1.0,0.0,0.0,1,3,14,6,9,0,0,1
295,14,0.0,1.0,0.9,0.4,70.0,12,10.0,4.0,17.1,0.0,0.0,0.0,0,15,14,6,9,0,1,0
296,36,2.0,2.0,0.6,2.0,34.0,12,8.0,2.0,18.4,1.0,0.0,0.0,0,13,20,2,9,0,0,1
297,15,0.0,2.0,1.8,1.1,34.0,12,16.0,6.0,11.6,0.0,0.0,0.0,1,13,14,6,9,0,1,0
298,16,0.0,1.0,0.5,1.4,49.0,12,8.0,0.0,18.4,0.0,0.0,0.0,0,7,15,5,9,0,1,0
299,17,1.0,0.0,0.9,0.4,61.0,12,14.0,4.0,16.2,0.0,0.0,0.0,1,16,15,5,9,1,0,0
300,18,0.0,1.0,1.0,1.5,43.0,12,11.0,2.0,13.7,1.0,0.0,0.0,0,5,15,5,9,0,1,0
301,19,2.0,2.0,0.9,2.7,38.0,12,12.0,4.0,19.7,0.0,0.0,0.0,1,4,15,5,9,0,0,1
302,20,4.0,2.0,1.6,2.7,35.0,12,11.0,4.0,17.7,2.0,0.0,0.0,0,19,15,5,9,1,0,0
303,21,1.0,4.0,0.7,3.8,34.0,15,7.0,5.0,14.3,0.0,0.0,0.0,0,0,15,5,9,0,1,0
304,35,2.0,1.0,1.8,0.8,61.0,12,21.0,6.0,17.3,0.0,0.0,0.0,1,15,19,1,9,1,0,0
305,23,1.0,5.0,0.9,3.0,48.0,12,11.0,7.0,16.7,1.0,0.0,0.0,1,6,14,6,9,0,1,0
306,24,1.0,6.0,1.4,2.7,27.0,12,13.0,3.0,17.6,0.0,0.0,0.0,1,11,20,0,9,0,1,0
307,0,2.0,2.0,0.6,0.8,56.0,6,14.0,5.0,23.1,0.0,0.0,0.0,1,3,14,6,10,0,0,1
308,11,2.0,4.0,0.5,2.7,50.0,6,6.0,2.0,14.6,0.0,0.0,0.0,0,0,15,5,10,0,1,0
309,22,1.0,2.0,0.3,0.9,62.0,10,6.0,1.0,17.8,1.0,0.0,0.0,1,16,15,5,10,0,1,0
310,32,1.0,2.0,2.5,1.8,55.0,10,17.0,5.0,17.9,0.0,0.0,0.0,0,5,15,5,10,0,1,0
311,33,0.0,1.0,0.7,1.5,53.0,10,10.0,2.0,23.5,2.0,0.0,0.0,1,13,20,3,10,0,1,0
312,34,2.0,5.0,1.4,2.6,47.0,17,6.0,4.0,14.8,0.0,0.0,0.0,0,4,14,6,10,0,1,0
313,36,2.0,6.0,1.8,2.2,56.0,10,18.0,6.0,22.7,0.0,1.0,1.0,0,17,17,5,10,0,1,0
314,37,4.0,0.0,1.3,1.1,51.0,10,17.0,7.0,17.7,1.0,0.0,0.0,1,15,20,0,10,1,0,0
315,1,1.0,2.0,1.0,1.1,55.0,10,9.0,5.0,13.2,1.0,0.0,0.0,0,2,15,5,10,0,1,0
316,2,0.0,0.0,1.0,0.4,54.0,10,14.0,5.0,19.4,1.0,0.0,0.0,1,6,12,5,10,0,0,1
317,3,2.0,0.0,0.8,1.3,46.0,10,5.0,1.0,17.7,0.0,0.0,0.0,1,9,20,3,10,1,0,0
318,4,4.0,0.0,0.9,2.1,40.0,10,5.0,4.0,14.7,0.0,0.0,0.0,0,19,14,6,10,1,0,0
319,5,0.0,1.0,0.7,1.0,36.0,4,10.0,5.0,16.4,0.0,0.0,0.0,1,12,12,5,10,0,1,0
320,6,2.0,0.0,2.3,1.2,51.0,10,22.0,8.0,17.5,0.0,0.0,0.0,0,7,17,5,10,1,0,0
321,7,2.0,0.0,1.8,1.4,46.0,10,8.0,5.0,21.3,0.0,0.0,1.0,0,18,15,5,10,1,0,0
322,8,0.0,3.0,0.5,1.9,60.0,12,8.0,2.0,20.1,0.0,0.0,0.0,1,14,15,0,10,0,1,0
323,9,1.0,2.0,1.0,2.2,43.0,12,7.0,2.0,12.1,0.0,0.0,0.0,0,11,20,4,10,0,1,0
324,10,0.0,1.0,1.7,1.7,61.0,12,15.0,6.0,18.9,1.0,0.0,0.0,1,8,19,1,10,0,1,0
325,12,0.0,2.0,1.0,2.4,61.0,12,6.0,1.0,18.0,0.0,0.0,0.0,0,15,15,5,10,0,1,0
326,13,2.0,2.0,0.9,1.7,37.0,17,9.0,2.0,12.1,1.0,0.0,0.0,1,4,15,5,10,0,0,1
327,14,4.0,2.0,2.6,1.7,38.0,12,9.0,5.0,15.3,0.0,0.0,0.0,0,1,15,5,10,1,0,0
328,15,4.0,1.0,1.7,1.3,49.0,12,15.0,6.0,15.6,0.0,0.0,0.0,1,17,15,5,10,1,0,0
329,16,0.0,3.0,1.6,4.4,43.0,12,19.0,3.0,19.0,1.0,0.0,0.0,0,13,14,6,10,0,1,0
330,17,0.0,1.0,0.0,0.7,35.0,15,1.0,0.0,29.4,0.0,0.0,0.0,1,0,15,5,10,0,1,0
331,18,0.0,1.0,1.9,1.4,65.0,12,11.0,0.0,15.8,0.0,0.0,0.0,0,16,17,5,10,0,1,0
332,19,1.0,3.0,2.4,1.6,48.0,4,17.0,6.0,18.3,1.0,0.0,0.0,1,5,15,5,10,0,1,0
333,20,1.0,1.0,1.3,0.6,47.0,12,14.0,1.0,16.8,0.0,0.0,0.0,0,3,15,5,10,0,0,1
334,21,1.0,2.0,0.2,2.3,48.0,12,3.0,2.0,13.8,0.0,0.0,0.0,0,6,15,5,10,0,1,0
335,35,1.0,2.0,0.5,1.0,36.0,15,9.0,4.0,16.7,1.0,0.0,0.0,1,1,19,1,10,0,1,0
336,23,0.0,1.0,0.7,2.0,51.0,12,14.0,4.0,16.9,0.0,0.0,0.0,1,2,15,5,10,0,1,0
337,24,1.0,3.0,2.3,1.6,30.0,4,11.0,4.0,14.3,0.0,0.0,0.0,0,12,17,5,10,0,1,0
338,0,2.0,2.0,1.2,1.2,67.0,15,11.0,3.0,12.4,0.0,0.0,0.0,0,8,12,5,11,0,0,1
339,11,1.0,1.0,2.0,1.0,72.0,15,24.0,4.0,17.4,0.0,0.0,0.0,1,6,20,0,11,0,0,1
340,22,1.0,2.0,1.3,1.8,70.0,15,17.0,5.0,14.4,0.0,0.0,0.0,0,13,20,0,11,0,1,0
341,32,9.0,0.0,3.3,0.3,69.0,15,19.0,12.0,11.6,0.0,0.0,0.0,1,2,15,5,11,1,0,0
342,33,2.0,1.0,1.5,0.7,72.0,15,23.0,6.0,17.8,0.0,0.0,0.0,1,14,20,2,11,1,0,0
343,34,0.0,0.0,2.1,1.7,61.0,15,23.0,8.0,13.1,0.0,0.0,0.0,0,7,12,5,11,0,0,1
344,37,3.0,3.0,1.5,1.4,54.0,15,15.0,7.0,16.8,1.0,0.0,0.0,1,4,15,5,11,0,0,1
345,1,2.0,3.0,1.1,2.7,57.0,12,8.0,3.0,18.0,0.0,0.0,0.0,0,0,16,6,11,0,1,0
346,2,1.0,0.0,2.1,1.0,37.0,12,13.0,2.0,17.5,0.0,0.0,0.0,1,12,16,6,11,1,0,0
347,3,1.0,0.0,1.7,1.7,54.0,17,22.0,7.0,17.5,0.0,0.0,0.0,1,18,19,2,11,1,0,0
348,4,0.0,1.0,1.6,1.9,75.0,17,15.0,7.0,10.4,0.0,0.0,0.0,0,15,12,5,11,0,1,0
349,5,1.0,2.0,1.7,1.8,68.0,8,22.0,10.0,16.4,0.0,0.0,0.0,1,9,19,5,11,0,1,0
350,6,2.0,1.0,1.2,1.2,53.0,8,13.0,6.0,21.2,0.0,0.0,0.0,0,17,16,6,11,1,0,0
351,7,3.0,1.0,1.9,1.1,60.0,15,15.0,7.0,12.4,0.0,0.0,0.0,1,16,15,5,11,1,0,0
352,8,3.0,1.0,2.7,1.4,52.0,15,16.0,9.0,17.0,0.0,0.0,0.0,0,1,17,0,11,1,0,0
353,9,2.0,1.0,2.2,1.0,57.0,15,21.0,5.0,18.4,1.0,0.0,0.0,1,10,20,4,11,1,0,0
354,10,1.0,3.0,2.0,1.7,72.0,15,16.0,5.0,15.3,0.0,0.0,0.0,0,3,17,0,11,0,1,0
355,12,0.0,3.0,1.0,1.9,39.0,8,6.0,2.0,12.8,0.0,0.0,0.0,0,4,15,5,11,0,1,0
356,13,0.0,0.0,1.4,1.6,48.0,15,15.0,3.0,15.5,0.0,0.0,0.0,1,5,12,5,11,0,0,1
357,14,0.0,3.0,1.8,2.0,59.0,15,22.0,2.0,19.5,1.0,0.0,0.0,0,19,15,5,11,0,1,0
358,15,2.0,0.0,2.3,0.4,59.0,15,15.0,6.0,16.7,1.0,0.0,0.0,1,7,20,0,11,1,0,0
359,16,2.0,0.0,1.9,2.0,62.0,15,13.0,7.0,16.4,1.0,0.0,0.0,0,14,17,5,11,1,0,0
360,17,0.0,0.0,0.9,0.7,63.0,15,12.0,4.0,16.0,1.0,0.0,0.0,0,6,19,5,11,0,0,1
361,35,2.0,0.0,2.6,0.8,57.0,15,15.0,6.0,13.6,0.0,0.0,0.0,1,19,20,2,11,1,0,0
362,18,7.0,0.0,2.8,0.8,59.0,15,18.0,8.0,12.7,0.0,0.0,0.0,1,13,16,6,11,1,0,0
363,19,0.0,1.0,1.7,0.9,69.0,15,14.0,5.0,18.5,0.0,0.0,1.0,0,2,12,5,11,0,1,0
364,21,1.0,4.0,0.3,2.9,32.0,15,4.0,1.0,15.9,0.0,0.0,0.0,0,12,12,5,11,0,1,0
365,36,0.0,0.0,0.3,2.2,51.0,15,7.0,3.0,25.4,0.0,0.0,0.0,0,5,20,1,11,0,0,1
366,23,2.0,2.0,3.9,1.4,59.0,15,20.0,6.0,14.0,0.0,0.0,1.0,1,0,16,6,11,0,0,1
367,24,6.0,1.0,2.7,1.4,73.0,15,13.0,7.0,12.9,0.0,0.0,0.0,0,9,20,0,11,1,0,0
368,0,2.0,0.0,2.2,0.5,75.0,15,13.0,1.0,18.7,1.0,1.0,1.0,0,18,16,6,12,1,0,0
369,11,4.0,0.0,1.7,0.1,67.0,12,19.0,7.0,17.5,0.0,0.0,0.0,1,2,15,5,12,1,0,0
370,22,3.0,3.0,2.1,1.8,69.0,15,21.0,10.0,16.2,1.0,0.0,0.0,0,14,16,6,12,0,0,1
371,32,4.0,2.0,2.2,0.1,74.0,12,18.0,5.0,14.1,0.0,0.0,0.0,1,6,15,5,12,1,0,0
372,33,6.0,0.0,3.3,0.7,74.0,12,17.0,9.0,14.8,0.0,0.0,0.0,1,15,19,2,12,1,0,0
373,34,1.0,1.0,2.1,0.3,71.0,15,13.0,4.0,16.8,1.0,0.0,0.0,0,1,17,5,12,0,0,1
374,36,3.0,0.0,1.1,0.4,59.0,15,16.0,7.0,19.4,0.0,0.0,0.0,0,19,12,5,12,1,0,0
375,37,6.0,3.0,3.2,1.7,53.0,15,22.0,9.0,14.2,1.0,0.0,0.0,1,13,14,6,12,1,0,0
376,1,4.0,0.0,2.4,0.2,65.0,12,21.0,8.0,13.9,0.0,0.0,0.0,1,16,15,5,12,1,0,0
377,2,0.0,1.0,1.0,2.1,63.0,4,16.0,6.0,18.4,0.0,0.0,0.0,0,11,16,6,12,0,1,0
378,4,3.0,1.0,1.6,0.5,48.0,15,9.0,3.0,15.0,0.0,1.0,1.0,1,4,15,5,12,1,0,0
379,5,1.0,0.0,1.0,0.7,64.0,15,15.0,5.0,20.8,1.0,0.0,0.0,0,10,12,5,12,1,0,0
380,6,2.0,1.0,2.1,1.0,70.0,15,15.0,4.0,18.1,1.0,1.0,1.0,1,8,15,5,12,1,0,0
381,7,1.0,2.0,1.6,1.3,74.0,15,29.0,6.0,20.9,0.0,0.0,0.0,1,3,12,5,12,0,1,0
382,8,3.0,1.0,4.3,0.6,69.0,15,26.0,9.0,16.0,0.0,0.0,0.0,0,9,20,2,12,1,0,0
383,9,1.0,1.0,1.7,0.1,74.0,15,16.0,3.0,15.4,0.0,0.0,0.0,1,7,15,5,12,0,0,1
384,10,1.0,0.0,2.1,0.4,52.0,1,12.0,3.0,16.0,0.0,0.0,0.0,0,5,20,3,12,1,0,0
385,12,1.0,2.0,0.6,1.7,70.0,15,5.0,1.0,19.2,0.0,0.0,0.0,0,13,12,5,12,0,1,0
386,35,4.0,2.0,2.3,0.8,58.0,12,16.0,6.0,16.3,1.0,0.0,0.0,1,17,20,3,12,1,0,0
387,13,3.0,0.0,2.8,0.8,55.0,1,12.0,5.0,14.8,0.0,1.0,1.0,1,19,14,6,12,1,0,0
388,14,0.0,1.0,1.3,1.4,64.0,17,15.0,5.0,17.7,1.0,0.0,0.0,0,17,16,6,12,0,1,0
389,15,3.0,1.0,3.3,0.3,67.0,1,16.0,7.0,15.4,1.0,1.0,1.0,1,1,16,6,12,1,0,0
390,3,3.0,1.0,1.8,1.6,37.0,10,9.0,5.0,12.1,0.0,0.0,0.0,0,0,19,2,12,1,0,0
391,16,1.0,1.0,2.4,0.9,73.0,1,23.0,6.0,18.0,2.0,0.0,0.0,0,15,15,5,12,0,0,1
392,17,4.0,1.0,2.4,1.0,66.0,1,20.0,5.0,15.3,1.0,0.0,0.0,0,2,17,5,12,1,0,0
393,18,2.0,0.0,1.3,0.4,56.0,12,11.0,3.0,15.8,2.0,0.0,0.0,1,14,12,5,12,1,0,0
394,19,1.0,0.0,2.1,0.2,67.0,12,13.0,3.0,19.0,1.0,1.0,1.0,0,6,17,5,12,1,0,0
395,21,4.0,1.0,2.9,0.3,68.0,1,17.0,8.0,14.5,1.0,0.0,0.0,1,11,12,5,12,1,0,0
396,23,4.0,1.0,2.9,0.4,73.0,1,12.0,7.0,13.2,0.0,1.0,1.0,0,16,17,5,12,1,0,0
397,24,3.0,1.0,1.6,2.3,70.0,1,11.0,3.0,17.8,0.0,1.0,1.0,1,10,17,5,12,1,0,0
398,0,1.0,2.0,1.4,1.5,62.0,15,17.0,5.0,15.5,0.0,0.0,0.0,1,4,14,6,13,0,1,0
399,11,0.0,4.0,0.9,1.6,66.0,12,15.0,4.0,19.6,0.0,0.0,0.0,0,3,17,5,13,0,1,0
400,22,2.0,1.0,1.8,1.3,30.0,12,13.0,5.0,19.5,2.0,0.0,0.0,1,11,20,0,13,1,0,0
401,32,1.0,0.0,1.1,1.4,51.0,12,11.0,4.0,15.5,1.0,0.0,0.0,0,16,12,5,13,1,0,0
402,33,1.0,0.0,1.5,0.7,47.0,12,9.0,2.0,16.8,0.0,0.0,0.0,0,10,20,3,13,1,0,0
403,34,3.0,1.0,1.5,1.3,40.0,12,10.0,6.0,15.5,0.0,0.0,0.0,1,0,16,6,13,1,0,0
404,37,3.0,6.0,1.7,3.2,47.0,12,11.0,7.0,22.2,0.0,1.0,1.0,0,12,14,6,13,0,1,0
405,1,2.0,1.0,1.4,0.6,60.0,12,12.0,4.0,18.8,0.0,0.0,0.0,0,7,19,6,13,1,0,0
406,2,0.0,0.0,0.8,0.8,63.0,12,15.0,2.0,19.4,1.0,0.0,0.0,1,14,14,6,13,0,0,1
407,3,2.0,0.0,1.5,0.6,52.0,12,28.0,10.0,21.4,1.0,0.0,0.0,1,17,20,2,13,1,0,0
408,4,1.0,1.0,0.8,1.1,52.0,10,13.0,6.0,22.1,1.0,0.0,0.0,0,5,17,5,13,0,0,1
409,5,1.0,0.0,1.2,1.1,53.0,12,16.0,3.0,18.1,0.0,0.0,0.0,1,18,16,6,13,1,0,0
410,6,1.0,3.0,0.5,0.6,58.0,12,8.0,3.0,19.7,1.0,0.0,0.0,0,1,14,6,13,0,1,0
411,7,2.0,1.0,2.5,1.4,47.0,12,14.0,9.0,17.7,0.0,0.0,0.0,0,8,16,6,13,1,0,0
412,8,3.0,0.0,2.4,0.7,65.0,12,17.0,8.0,15.9,0.0,0.0,0.0,1,15,20,1,13,1,0,0
413,9,1.0,0.0,2.0,0.7,54.0,12,16.0,6.0,14.9,1.0,0.0,0.0,0,19,12,5,13,1,0,0
414,10,3.0,0.0,2.2,0.6,58.0,12,18.0,6.0,16.7,2.0,0.0,0.0,1,2,20,1,13,1,0,0
415,12,2.0,1.0,1.7,0.6,30.0,12,8.0,3.0,14.8,0.0,0.0,0.0,1,12,12,5,13,1,0,0
416,35,1.0,1.0,2.1,0.5,60.0,12,15.0,4.0,19.5,1.0,0.0,0.0,0,6,20,2,13,0,0,1
417,13,2.0,3.0,0.4,3.1,43.0,12,6.0,4.0,18.2,0.0,0.0,0.0,0,0,16,6,13,0,1,0
418,14,2.0,1.0,2.0,1.3,52.0,12,13.0,4.0,16.4,0.0,1.0,1.0,1,6,15,5,13,1,0,0
419,36,2.0,2.0,2.0,0.6,66.0,12,24.0,6.0,16.7,0.0,0.0,0.0,1,9,20,2,13,0,0,1
420,15,2.0,0.0,1.1,1.8,66.0,12,11.0,5.0,16.4,0.0,0.0,0.0,0,9,14,6,13,1,0,0
421,16,3.0,0.0,4.4,1.6,57.0,12,26.0,8.0,15.5,1.0,0.0,0.0,1,10,14,6,13,1,0,0
422,18,0.0,7.0,0.8,2.8,41.0,12,8.0,4.0,15.4,0.0,0.0,0.0,0,11,16,6,13,0,1,0
423,19,0.0,0.0,0.8,1.0,47.0,10,10.0,4.0,15.4,0.0,0.0,0.0,1,16,14,6,13,0,0,1
424,21,0.0,2.0,0.4,3.7,54.0,12,6.0,1.0,14.2,0.0,0.0,0.0,0,14,16,6,13,0,1,0
425,17,1.0,0.0,1.2,0.7,64.0,12,18.0,3.0,19.9,1.0,0.0,0.0,1,3,20,2,13,1,0,0
426,23,2.0,0.0,3.4,1.0,63.0,12,29.0,11.0,16.5,0.0,0.0,0.0,1,7,12,5,13,1,0,0
427,24,2.0,0.0,3.5,0.7,68.0,12,22.0,7.0,15.4,1.0,0.0,0.0,0,15,16,6,13,1,0,0
428,0,2.0,0.0,1.7,0.3,61.0,15,23.0,9.0,16.0,1.0,0.0,0.0,1,15,15,5,14,1,0,0
429,11,0.0,0.0,0.2,1.5,46.0,15,4.0,1.0,17.8,0.0,0.0,0.0,0,4,15,5,14,0,0,1
430,22,3.0,3.0,1.8,2.1,31.0,15,12.0,5.0,14.8,1.0,0.0,0.0,1,12,16,6,14,0,0,1
431,32,1.0,1.0,1.7,0.7,63.0,15,21.0,6.0,18.1,1.0,0.0,0.0,0,19,14,6,14,0,0,1
432,33,1.0,2.0,0.7,1.5,28.0,15,5.0,2.0,18.2,1.0,0.0,0.0,0,11,20,2,14,0,1,0
433,34,0.0,0.0,2.8,1.0,52.0,15,23.0,5.0,12.8,1.0,0.0,0.0,1,6,15,5,14,0,0,1
434,36,1.0,1.0,1.9,0.7,72.0,15,19.0,6.0,20.0,1.0,1.0,1.0,1,2,15,5,14,0,0,1
435,37,4.0,1.0,3.3,0.5,67.0,15,19.0,10.0,12.9,0.0,0.0,0.0,0,8,15,5,14,1,0,0
436,1,5.0,1.0,1.5,1.2,54.0,15,16.0,6.0,18.6,0.0,0.0,0.0,1,3,15,5,14,1,0,0
437,2,0.0,0.0,0.8,0.8,37.0,15,9.0,2.0,14.7,1.0,0.0,0.0,0,13,14,6,14,0,0,1
438,3,1.0,0.0,1.5,0.2,49.0,15,16.0,4.0,14.2,0.0,0.0,0.0,1,7,19,2,14,1,0,0
439,4,2.0,1.0,1.2,1.6,47.0,15,13.0,5.0,18.4,0.0,0.0,0.0,0,17,16,6,14,1,0,0
440,5,4.0,0.0,3.4,0.4,59.0,15,19.0,6.0,16.3,0.0,1.0,1.0,1,1,15,5,14,1,0,0
441,6,4.0,1.0,0.9,1.7,45.0,15,7.0,4.0,15.4,0.0,0.0,0.0,0,16,14,6,14,1,0,0
442,7,1.0,0.0,1.0,0.3,49.0,15,10.0,3.0,15.4,0.0,0.0,0.0,1,5,17,5,14,1,0,0
443,8,3.0,0.0,1.9,0.5,40.0,15,11.0,4.0,16.8,0.0,1.0,1.0,0,10,15,0,14,1,0,0
444,9,0.0,0.0,2.2,0.4,60.0,15,16.0,5.0,15.4,1.0,0.0,0.0,1,9,15,5,14,0,0,1
445,10,0.0,0.0,1.0,1.1,34.0,15,8.0,1.0,13.4,0.0,0.0,0.0,0,0,19,1,14,0,0,1
446,12,1.0,0.0,2.2,1.1,62.0,15,20.0,5.0,16.7,2.0,0.0,0.0,1,8,14,6,14,1,0,0
447,13,0.0,0.0,1.2,0.3,60.0,15,16.0,7.0,13.1,0.0,0.0,0.0,0,6,17,5,14,0,0,1
448,14,1.0,1.0,1.0,1.0,62.0,15,8.0,2.0,13.5,0.0,0.0,0.0,1,18,17,5,14,0,0,1
449,15,1.0,1.0,1.3,1.5,66.0,15,15.0,7.0,16.9,0.0,0.0,0.0,0,2,17,5,14,0,0,1
450,16,0.0,2.0,2.0,1.9,38.0,15,14.0,4.0,12.9,0.0,0.0,0.0,1,11,17,5,14,0,1,0
451,18,0.0,2.0,0.4,1.3,44.0,15,5.0,2.0,15.0,1.0,0.0,0.0,0,12,12,5,14,0,1,0
452,19,2.0,1.0,1.8,1.1,43.0,15,19.0,8.0,15.9,2.0,0.0,0.0,1,19,16,6,14,1,0,0
453,20,2.0,1.0,2.4,0.4,61.0,15,14.0,3.0,15.2,0.0,1.0,1.0,0,15,20,4,14,1,0,0
454,21,2.0,0.0,3.7,0.4,46.0,15,22.0,6.0,13.2,0.0,0.0,0.0,1,13,16,6,14,1,0,0
455,35,5.0,1.0,3.3,1.0,58.0,15,15.0,7.0,20.4,0.0,0.0,0.0,0,18,20,2,14,1,0,0
456,23,2.0,1.0,1.3,2.6,58.0,15,10.0,4.0,14.8,0.0,0.0,0.0,0,3,15,5,14,1,0,0
457,24,0.0,3.0,0.5,1.9,48.0,15,8.0,2.0,16.8,0.0,0.0,0.0,0,1,12,5,14,0,1,0
458,32,0.0,2.0,0.9,2.4,55.0,4,17.0,1.0,20.0,1.0,0.0,0.0,1,17,16,6,15,0,1,0
459,33,0.0,6.0,0.7,3.3,26.0,19,8.0,1.0,18.4,1.0,0.0,0.0,0,12,19,2,15,0,1,0
460,34,2.0,3.0,1.9,0.8,52.0,4,10.0,2.0,17.5,0.0,1.0,1.0,1,2,15,5,15,0,1,0
461,36,2.0,3.0,1.4,0.9,41.0,3,11.0,3.0,16.4,1.0,0.0,0.0,1,8,20,4,15,0,1,0
462,37,0.0,4.0,1.1,1.3,49.0,12,10.0,3.0,15.7,0.0,0.0,0.0,0,10,20,0,15,0,1,0
463,1,1.0,1.0,0.3,0.7,40.0,15,6.0,3.0,18.7,0.0,0.0,0.0,1,1,20,0,15,0,0,1
464,2,0.0,1.0,1.5,1.3,42.0,15,9.0,1.0,19.9,1.0,0.0,1.0,0,19,15,5,15,0,1,0
465,3,0.0,0.0,0.1,1.7,30.0,15,3.0,0.0,11.5,0.0,0.0,0.0,0,4,19,1,15,0,0,1
466,4,1.0,0.0,1.9,1.6,25.0,15,10.0,7.0,15.9,0.0,0.0,0.0,1,11,12,5,15,1,0,0
467,5,0.0,5.0,0.4,2.3,31.0,15,5.0,2.0,20.4,0.0,0.0,0.0,0,0,14,6,15,0,1,0
468,6,2.0,2.0,1.5,1.5,48.0,13,15.0,6.0,17.8,0.0,0.0,0.0,1,3,15,5,15,0,0,1
469,7,1.0,0.0,1.1,1.2,32.0,15,9.0,2.0,15.2,1.0,0.0,0.0,1,6,15,5,15,1,0,0
470,8,0.0,3.0,0.7,2.4,35.0,15,8.0,3.0,15.2,0.0,0.0,0.0,0,13,20,1,15,0,1,0
471,9,1.0,1.0,1.4,0.9,29.0,15,12.0,5.0,15.5,0.0,0.0,0.0,1,5,16,6,15,0,0,1
472,10,1.0,0.0,1.4,0.5,37.0,13,11.0,1.0,22.3,0.0,0.0,0.0,0,16,19,2,15,1,0,0
473,12,2.0,0.0,2.4,1.0,39.0,13,15.0,5.0,19.3,2.0,0.0,0.0,1,10,15,5,15,1,0,0
474,13,1.0,1.0,1.9,1.4,57.0,13,20.0,5.0,17.9,0.0,0.0,0.0,0,2,15,5,15,0,0,1
475,14,1.0,0.0,0.4,0.9,30.0,13,6.0,2.0,18.9,0.0,0.0,0.0,1,9,14,6,15,1,0,0
476,15,0.0,2.0,0.7,1.5,50.0,12,10.0,1.0,15.0,0.0,0.0,0.0,0,8,15,5,15,0,1,0
477,16,1.0,1.0,0.9,2.4,27.0,14,4.0,1.0,14.7,0.0,0.0,0.0,1,12,15,5,15,0,0,1
478,17,0.0,4.0,0.4,2.7,51.0,14,8.0,3.0,18.9,0.0,0.0,0.0,0,18,15,5,15,0,1,0
479,18,2.0,2.0,0.8,1.7,57.0,14,10.0,4.0,18.4,0.0,0.0,0.0,1,7,14,6,15,0,0,1
480,19,1.0,3.0,1.5,2.0,45.0,14,8.0,4.0,15.2,0.0,0.0,1.0,0,17,15,5,15,0,1,0
481,20,1.0,2.0,0.4,2.4,39.0,12,5.0,3.0,18.4,0.0,0.0,0.0,1,14,20,4,15,0,1,0
482,21,1.0,1.0,1.3,0.5,29.0,14,17.0,7.0,16.7,0.0,0.0,0.0,1,19,15,5,15,0,0,1
483,35,1.0,2.0,0.8,1.8,39.0,14,13.0,1.0,16.5,0.0,0.0,0.0,0,9,19,1,15,0,1,0
484,23,0.0,2.0,0.2,1.3,37.0,4,6.0,2.0,22.0,0.0,0.0,0.0,0,1,15,5,15,0,1,0
485,24,0.0,2.0,0.7,3.5,32.0,3,6.0,0.0,16.0,0.0,0.0,0.0,1,13,16,6,15,0,1,0
486,0,1.0,4.0,0.5,1.5,42.0,19,10.0,2.0,17.1,0.0,0.0,0.0,0,17,15,5,16,0,1,0
487,11,2.0,2.0,1.2,1.8,43.0,4,14.0,4.0,18.1,1.0,0.0,0.0,1,9,15,5,16,0,0,1
488,22,2.0,1.0,0.9,0.3,38.0,12,9.0,3.0,15.0,0.0,0.0,0.0,0,10,15,5,16,1,0,0
489,32,0.0,1.0,1.4,1.1,49.0,12,17.0,4.0,13.8,0.0,0.0,0.0,1,13,12,5,16,0,1,0
490,33,2.0,1.0,1.1,1.1,33.0,12,9.0,5.0,17.8,0.0,0.0,0.0,1,5,19,1,16,1,0,0
491,34,0.0,1.0,1.2,0.8,49.0,12,12.0,1.0,16.4,1.0,0.0,0.0,0,19,15,5,16,0,1,0
492,36,0.0,1.0,0.3,1.5,47.0,12,7.0,1.0,20.2,0.0,0.0,0.0,0,1,20,4,16,0,1,0
493,37,1.0,2.0,1.7,2.0,55.0,17,22.0,6.0,16.4,1.0,0.0,0.0,1,7,15,5,16,0,1,0
494,1,0.0,4.0,0.2,2.4,35.0,17,5.0,0.0,28.1,0.0,0.0,0.0,0,12,15,5,16,0,1,0
495,2,1.0,1.0,0.5,1.7,39.0,15,10.0,8.0,19.6,0.0,0.0,0.0,1,18,14,6,16,0,0,1
496,3,1.0,0.0,1.0,1.0,46.0,17,9.0,3.0,13.0,0.0,0.0,0.0,0,2,19,2,16,1,0,0
497,4,1.0,1.0,0.7,1.0,41.0,17,10.0,3.0,19.4,0.0,0.0,0.0,1,0,14,6,16,0,0,1
498,5,0.0,1.0,1.3,0.9,56.0,7,14.0,4.0,18.1,0.0,0.0,0.0,0,6,15,5,16,0,1,0
499,6,1.0,4.0,1.7,0.9,55.0,12,16.0,5.0,17.6,1.0,0.0,0.0,1,14,14,6,16,0,1,0
500,7,1.0,3.0,1.1,1.9,40.0,19,9.0,5.0,11.9,0.0,0.0,0.0,0,11,15,5,16,0,1,0
501,8,1.0,3.0,1.9,0.6,34.0,12,13.0,3.0,16.1,1.0,0.0,1.0,1,4,15,0,16,0,1,0
502,9,1.0,2.0,0.8,1.5,38.0,4,9.0,3.0,24.5,1.0,0.0,0.0,0,8,15,5,16,0,1,0
503,10,0.0,1.0,0.5,1.4,63.0,0,8.0,0.0,14.5,1.0,0.0,0.0,1,15,19,2,16,0,1,0
504,12,2.0,1.0,1.2,1.4,48.0,12,13.0,5.0,20.7,2.0,0.0,0.0,0,7,15,5,16,1,0,0
505,13,0.0,1.0,0.6,1.4,37.0,12,8.0,5.0,15.8,0.0,0.0,0.0,1,1,15,5,16,0,1,0
506,14,0.0,3.0,0.7,2.2,51.0,12,14.0,5.0,23.5,0.0,0.0,0.0,0,3,15,5,16,0,1,0
507,15,1.0,2.0,1.1,0.8,41.0,19,17.0,2.0,17.7,0.0,0.0,0.0,1,19,15,5,16,0,1,0
508,16,1.0,0.0,0.6,1.6,38.0,17,8.0,4.0,19.7,1.0,0.0,0.0,0,5,15,5,16,1,0,0
509,17,0.0,1.0,0.4,0.9,39.0,17,8.0,2.0,18.8,0.0,0.0,0.0,0,9,15,5,16,0,1,0
510,18,1.0,0.0,1.4,1.9,35.0,12,10.0,4.0,23.6,1.0,0.0,1.0,1,10,17,5,16,1,0,0
511,19,0.0,0.0,1.0,0.8,53.0,12,17.0,4.0,21.2,2.0,0.0,0.0,0,13,14,6,16,0,0,1
512,35,0.0,2.0,0.5,1.9,66.0,12,7.0,0.0,19.2,1.0,0.0,0.0,1,3,19,2,16,0,1,0
513,20,3.0,3.0,2.4,2.3,51.0,17,18.0,6.0,19.6,1.0,1.0,1.0,1,17,15,5,16,0,0,1
514,21,0.0,1.0,0.3,1.4,57.0,17,9.0,3.0,21.1,0.0,0.0,0.0,0,18,14,6,16,0,1,0
515,23,1.0,4.0,0.4,2.9,27.0,17,4.0,1.0,17.0,0.0,0.0,0.0,1,12,17,5,16,0,1,0
516,24,0.0,2.0,0.8,0.9,58.0,17,11.0,4.0,18.0,0.0,0.0,0.0,1,6,15,5,16,0,1,0
517,0,4.0,1.0,1.5,0.5,58.0,4,18.0,8.0,16.5,0.0,0.0,0.0,1,16,15,5,17,1,0,0
518,11,2.0,2.0,1.0,1.6,37.0,4,10.0,5.0,13.4,0.0,0.0,0.0,0,5,16,6,17,0,0,1
519,22,1.0,0.0,1.7,0.7,50.0,4,11.0,4.0,11.7,0.0,0.0,0.0,1,19,12,5,17,1,0,0
520,32,2.0,0.0,2.4,0.9,45.0,4,17.0,5.0,19.7,0.0,0.0,1.0,0,15,16,6,17,1,0,0
521,33,1.0,1.0,0.6,1.2,61.0,4,12.0,3.0,16.8,0.0,0.0,0.0,0,18,19,2,17,0,0,1
522,34,2.0,1.0,2.9,0.7,52.0,4,23.0,10.0,15.5,1.0,0.0,0.0,1,8,15,5,17,1,0,0
523,36,6.0,2.0,2.2,1.8,44.0,4,16.0,11.0,16.5,0.0,0.0,0.0,1,10,17,5,17,1,0,0
524,37,1.0,3.0,1.6,2.4,36.0,4,6.0,2.0,19.9,0.0,1.0,1.0,0,0,12,5,17,0,1,0
525,1,1.0,0.0,0.8,0.7,41.0,7,8.0,3.0,18.7,1.0,0.0,0.0,0,4,17,5,17,1,0,0
526,2,2.0,0.0,2.2,0.4,62.0,4,20.0,6.0,17.2,1.0,1.0,1.0,1,7,17,5,17,1,0,0
527,3,0.0,2.0,0.6,1.5,48.0,7,9.0,2.0,14.9,0.0,0.0,0.0,0,13,20,2,17,0,1,0
528,4,1.0,2.0,1.6,1.2,53.0,7,17.0,4.0,16.9,0.0,0.0,0.0,1,14,16,6,17,0,1,0
529,5,3.0,2.0,2.0,0.5,69.0,7,23.0,7.0,15.1,1.0,0.0,0.0,0,2,15,5,17,1,0,0
530,6,1.0,2.0,1.2,1.2,47.0,19,14.0,5.0,14.4,0.0,0.0,0.0,1,11,16,6,17,0,1,0
531,7,4.0,3.0,1.8,1.1,55.0,4,14.0,7.0,14.5,0.0,0.0,0.0,1,9,15,5,17,1,0,0
532,8,2.0,2.0,1.1,2.0,61.0,4,15.0,8.0,19.7,1.0,0.0,0.0,0,3,12,0,17,0,0,1
533,9,0.0,2.0,0.7,1.0,59.0,4,6.0,1.0,15.2,1.0,0.0,0.0,1,1,14,6,17,0,1,0
534,10,4.0,0.0,1.4,0.8,53.0,4,14.0,6.0,16.2,0.0,0.0,0.0,0,6,20,2,17,1,0,0
535,12,0.0,2.0,1.6,1.8,51.0,4,17.0,7.0,16.3,1.0,0.0,0.0,1,0,16,6,17,0,1,0
536,35,2.0,4.0,0.8,2.3,42.0,4,9.0,3.0,16.5,0.0,0.0,0.0,0,12,20,3,17,0,1,0
537,13,1.0,0.0,0.9,1.0,46.0,4,10.0,3.0,17.0,1.0,0.0,0.0,0,8,20,0,17,1,0,0
538,14,1.0,0.0,1.4,1.3,36.0,4,12.0,3.0,14.7,0.0,0.0,0.0,1,12,16,6,17,1,0,0
539,15,1.0,4.0,1.3,1.7,51.0,4,11.0,4.0,16.8,2.0,0.0,0.0,0,10,15,5,17,0,1,0
540,16,2.0,0.0,1.5,0.5,57.0,4,16.0,6.0,21.5,0.0,0.0,0.0,1,18,16,6,17,1,0,0
541,17,2.0,0.0,0.8,0.4,41.0,4,8.0,3.0,16.5,0.0,0.0,0.0,1,5,13,6,17,1,0,0
542,18,0.0,1.0,1.2,0.5,54.0,4,21.0,6.0,20.6,2.0,0.0,0.0,0,19,15,5,17,0,1,0
543,19,3.0,1.0,2.0,1.5,55.0,4,14.0,6.0,14.8,0.0,1.0,1.0,1,15,15,5,17,1,0,0
544,20,3.0,3.0,2.3,2.4,49.0,4,17.0,3.0,15.8,0.0,0.0,0.0,0,16,15,5,17,0,0,1
545,21,1.0,1.0,1.4,0.9,61.0,4,7.0,0.0,19.6,0.0,1.0,1.0,0,7,20,0,17,0,0,1
546,23,2.0,1.0,0.8,1.4,35.0,4,9.0,3.0,15.2,0.0,0.0,0.0,1,4,15,5,17,1,0,0
547,24,2.0,3.0,2.2,1.3,58.0,4,24.0,8.0,17.9,1.0,0.0,0.0,1,2,15,5,17,0,1,0
548,0,0.0,2.0,0.5,2.2,25.0,12,6.0,1.0,16.3,0.0,0.0,0.0,1,12,16,6,18,0,1,0
549,11,0.0,1.0,2.1,1.3,57.0,15,18.0,3.0,19.3,2.0,0.0,1.0,0,15,14,6,18,0,1,0
550,22,0.0,2.0,0.8,1.7,50.0,12,13.0,3.0,16.5,0.0,0.0,0.0,1,4,14,6,18,0,1,0
551,32,1.0,0.0,0.6,0.5,42.0,7,7.0,2.0,24.8,1.0,0.0,0.0,0,1,14,6,18,1,0,0
552,33,1.0,1.0,1.2,0.6,39.0,12,14.0,4.0,16.3,0.0,0.0,0.0,1,17,19,2,18,0,0,1
553,34,1.0,2.0,1.1,0.9,33.0,3,6.0,3.0,15.9,0.0,0.0,0.0,0,5,15,5,18,0,1,0
554,36,0.0,1.0,1.0,0.4,47.0,12,14.0,4.0,15.2,0.0,0.0,0.0,0,7,14,6,18,0,1,0
555,37,2.0,0.0,0.9,0.7,39.0,12,18.0,5.0,20.3,1.0,0.0,0.0,1,19,17,5,18,1,0,0
556,1,3.0,1.0,2.4,0.7,50.0,12,16.0,7.0,16.4,0.0,1.0,1.0,1,8,14,6,18,1,0,0
557,2,1.0,1.0,1.7,0.5,61.0,4,25.0,4.0,18.8,0.0,0.0,0.0,0,16,14,6,18,0,0,1
558,3,0.0,1.0,1.7,1.7,46.0,17,7.0,2.0,15.2,0.0,0.0,1.0,0,11,19,2,18,0,1,0
559,4,2.0,0.0,1.9,0.4,55.0,12,19.0,3.0,21.1,1.0,1.0,1.0,1,2,20,0,18,1,0,0
560,5,0.0,1.0,1.1,1.2,47.0,12,13.0,4.0,22.3,0.0,0.0,0.0,0,13,16,6,18,0,1,0
561,6,1.0,2.0,0.3,1.0,42.0,12,5.0,2.0,16.7,0.0,0.0,0.0,1,6,14,6,18,0,1,0
562,7,0.0,2.0,1.4,1.8,54.0,12,18.0,6.0,16.4,0.0,0.0,0.0,1,10,15,5,18,0,1,0
563,8,1.0,3.0,1.0,2.1,34.0,12,7.0,3.0,24.2,0.0,1.0,1.0,0,0,20,0,18,0,1,0
564,9,0.0,2.0,1.3,1.6,63.0,4,20.0,5.0,18.2,2.0,0.0,0.0,1,3,19,4,18,0,1,0
565,10,2.0,2.0,1.4,1.6,38.0,15,14.0,1.0,22.5,0.0,1.0,1.0,0,9,19,2,18,0,0,1
566,12,0.0,1.0,1.1,0.9,42.0,15,16.0,3.0,18.4,0.0,0.0,0.0,0,19,15,5,18,0,1,0
567,13,2.0,0.0,2.2,0.5,33.0,4,11.0,4.0,11.9,0.0,0.0,0.0,1,7,15,5,18,1,0,0
568,14,1.0,1.0,1.0,1.0,38.0,4,10.0,1.0,16.2,0.0,0.0,0.0,0,14,17,5,18,0,0,1
569,15,1.0,1.0,1.3,1.1,29.0,4,10.0,2.0,13.8,1.0,0.0,0.0,1,5,12,5,18,0,0,1
570,16,0.0,2.0,0.5,1.5,43.0,4,6.0,1.0,16.0,1.0,0.0,0.0,0,17,16,6,18,0,1,0
571,17,4.0,0.0,2.7,0.4,49.0,15,18.0,5.0,14.9,0.0,0.0,0.0,1,15,15,5,18,1,0,0
572,18,0.0,4.0,0.3,3.5,35.0,12,3.0,2.0,12.1,0.0,0.0,0.0,0,4,15,5,18,0,1,0
573,19,1.0,1.0,2.1,1.5,41.0,10,16.0,4.0,16.7,0.0,1.0,1.0,1,1,14,6,18,0,0,1
574,21,1.0,0.0,1.4,0.3,43.0,15,12.0,2.0,14.2,1.0,0.0,0.0,1,16,14,6,18,1,0,0
575,35,1.0,5.0,1.0,3.3,42.0,12,7.0,2.0,19.0,1.0,0.0,0.0,1,14,20,2,18,0,1,0
576,23,1.0,0.0,1.1,0.7,24.0,17,9.0,5.0,14.1,0.0,0.0,0.0,0,8,15,5,18,1,0,0
577,24,2.0,2.0,1.8,2.7,30.0,15,15.0,2.0,14.8,1.0,1.0,1.0,1,0,14,6,18,0,0,1
578,0,1.0,2.0,1.3,0.8,60.0,12,15.0,6.0,18.9,0.0,0.0,0.0,0,9,15,5,19,0,1,0
579,11,0.0,0.0,0.9,1.5,59.0,12,7.0,1.0,18.7,1.0,0.0,0.0,1,8,15,5,19,0,0,1
580,22,0.0,1.0,0.7,1.7,50.0,7,20.0,3.0,21.9,1.0,0.0,0.0,0,17,12,5,19,0,1,0
581,32,1.0,1.0,0.7,1.7,37.0,15,10.0,4.0,20.7,1.0,0.0,0.0,1,14,14,6,19,0,0,1
582,33,0.0,0.0,1.5,0.4,65.0,15,17.0,3.0,17.7,1.0,0.0,0.0,0,2,19,2,19,0,0,1
583,34,1.0,0.0,0.8,1.2,51.0,15,7.0,2.0,12.9,0.0,0.0,0.0,1,16,15,5,19,1,0,0
584,36,0.0,3.0,0.4,1.1,41.0,15,6.0,1.0,19.6,2.0,0.0,0.0,1,12,12,5,19,0,1,0
585,37,0.0,2.0,0.7,0.9,61.0,4,15.0,4.0,21.6,0.0,0.0,0.0,0,18,17,5,19,0,1,0
586,1,0.0,3.0,1.1,1.9,43.0,12,8.0,2.0,14.5,1.0,0.0,0.0,0,5,15,5,19,0,1,0
587,2,1.0,0.0,1.3,1.5,58.0,12,8.0,1.0,16.8,0.0,1.0,1.0,1,15,15,5,19,1,0,0
588,3,1.0,2.0,0.8,1.2,49.0,12,10.0,4.0,16.3,1.0,0.0,0.0,0,6,20,1,19,0,1,0
589,4,0.0,4.0,2.1,0.9,60.0,12,21.0,5.0,15.7,1.0,0.0,0.0,1,10,14,6,19,0,1,0
590,5,1.0,1.0,0.6,1.4,42.0,12,13.0,4.0,20.4,0.0,0.0,0.0,0,3,15,5,19,0,0,1
591,6,2.0,3.0,1.2,1.5,29.0,15,7.0,4.0,18.3,0.0,1.0,1.0,1,4,15,5,19,0,1,0
592,7,0.0,2.0,0.7,2.1,38.0,19,11.0,2.0,20.0,1.0,0.0,0.0,1,0,19,5,19,0,1,0
593,8,2.0,1.0,0.8,1.7,42.0,15,7.0,4.0,18.6,0.0,0.0,0.0,0,7,15,0,19,1,0,0
594,9,0.0,1.0,0.7,2.0,46.0,12,10.0,3.0,17.3,2.0,0.0,0.0,1,13,12,5,19,0,1,0
595,10,1.0,1.0,0.9,1.8,44.0,12,10.0,3.0,14.2,0.0,0.0,0.0,0,1,20,2,19,0,0,1
596,12,1.0,0.0,0.9,1.1,58.0,12,17.0,4.0,20.0,0.0,0.0,0.0,1,18,15,5,19,1,0,0
597,13,0.0,3.0,0.8,2.8,45.0,15,10.0,1.0,16.4,0.0,0.0,0.0,0,12,14,6,19,0,1,0
598,14,3.0,0.0,2.0,1.8,41.0,17,12.0,5.0,18.3,0.0,0.0,0.0,1,11,15,5,19,1,0,0
599,15,2.0,1.0,0.8,1.1,59.0,12,11.0,1.0,18.7,0.0,0.0,0.0,0,16,15,5,19,1,0,0
600,16,0.0,1.0,1.3,1.1,68.0,12,15.0,4.0,13.3,0.0,0.0,0.0,1,2,15,5,19,0,1,0
601,17,1.0,1.0,0.8,0.5,49.0,17,8.0,2.0,18.1,0.0,0.0,0.0,0,8,20,4,19,0,0,1
602,35,0.0,2.0,0.8,2.6,43.0,12,4.0,1.0,11.0,0.0,0.0,0.0,0,11,20,2,19,0,1,0
603,18,1.0,0.0,0.5,1.2,46.0,12,8.0,5.0,21.0,0.0,0.0,0.0,1,17,15,5,19,1,0,0
604,19,1.0,2.0,1.1,1.8,57.0,12,7.0,4.0,19.5,1.0,0.0,0.0,0,14,16,6,19,0,1,0
605,20,2.0,4.0,2.7,1.6,65.0,15,23.0,8.0,16.1,1.0,0.0,0.0,1,9,15,5,19,0,1,0
606,21,1.0,1.0,0.5,1.3,71.0,12,8.0,1.0,17.2,0.0,0.0,0.0,0,15,15,5,19,0,0,1
607,23,1.0,0.0,0.6,1.1,38.0,17,9.0,4.0,24.2,0.0,0.0,0.0,1,5,15,5,19,1,0,0
608,24,2.0,0.0,0.8,1.1,50.0,17,11.0,9.0,18.4,0.0,0.0,0.0,1,3,15,5,19,1,0,0
